antecedents,consequents,antecedent support,consequent support,support,confidence,lift,leverage,conviction
"({'DISCRETE', 'LOGIC IC'})",({'LINEAR IC'}),0.02698778,0.26039783,0.014713135,0.545177665,2.093633672,0.007685576,1.626134235
"({'DISCRETE', 'LINEAR IC'})",({'LOGIC IC'}),0.034906022,0.121540906,0.014713135,0.421507064,3.468026338,0.010470625,1.518530374
({'LOGIC IC'}),({'LINEAR IC'}),0.121540906,0.26039783,0.043454436,0.357529306,1.373011848,0.011805448,1.15118429
"({'LINEAR IC', 'LOGIC IC'})",({'DISCRETE'}),0.043454436,0.257904543,0.014713135,0.338587642,1.312840938,0.003506039,1.121986077
({'LINEAR IC'}),({'LOGIC IC'}),0.26039783,0.121540906,0.043454436,0.166877104,1.373011848,0.011805448,1.054417179
({'LOGIC IC'}),"({'DISCRETE', 'LINEAR IC'})",0.121540906,0.034906022,0.014713135,0.121055005,3.468026338,0.010470625,1.098014077
({'DISCRETE'}),"({'LINEAR IC', 'LOGIC IC'})",0.257904543,0.043454436,0.014713135,0.057048762,1.312840938,0.003506039,1.014416786
({'LINEAR IC'}),"({'DISCRETE', 'LOGIC IC'})",0.26039783,0.02698778,0.014713135,0.056502525,2.093633672,0.007685576,1.031282272
